[1,["ecpdLyjvZBwrvm+cedCcQy","8cZ5e2splA8LKs36BdIOx0","ddicP8pxpCqZWye7tfTBJH","b8z66mMLJL952PFkgHr1Qm","fbz1pjz+tFQ4m3FZetKvVD","7a/QZLET9IDreTiBfRn2PD","b8nTqLya9N/IhCRfw+aN8k","e3OK3qDW5Df4OdgVuZDcm4","39pRE4tKtFGp1YbCoJnuqY","11tki9rf9AmK4naIeRUul8","bd1wQmmOpPy5NQ2V6yajI6"],["node","_textureSetter","_spriteFrame","_parent","pgLoading","lbLoading","scene","_N$skeletonData","_N$file"],[["cc.Node",["_name","_id","_components","_trs","_parent","_contentSize","_children"],1,9,7,1,5,2],"cc.Texture2D","cc.SpriteFrame",["cc.Sprite",["_sizeMode","_type","node","_materials","_spriteFrame"],1,1,3,6],["cc.Node",["_name","_components","_contentSize","_trs","_children","_parent"],2,12,5,7,2,1],["cc.Widget",["_alignFlags","_originalWidth","_originalHeight","alignMode","node"],-1,1],["cc.TTFFont",["_name","_native"],1],["sp.SkeletonData",["_name","_atlasText","textureNames","_skeletonJson","textures"],-1,3],["cc.SceneAsset",["_name","asyncLoadAssets"],1],["cc.Node",["_name","_parent","_components","_contentSize","_trs"],2,1,2,5,7],["cc.Canvas",["_fitWidth","node","_designResolution"],2,1,5],["dcbddWzQjNL47pqQ0kIZQNh",["aesKey","arrUrl","node","lbLoading","pgLoading"],1,1,1,1],["cc.LabelOutline",["_width","node","_color"],2,1,5],["cc.Scene",["_name","_active","_children","_anchorPoint","_trs"],1,2,5,7],["cc.Camera",["_clearFlags","_depth","node"],1,1],["sp.Skeleton",["defaultSkin","defaultAnimation","_preCacheMode","premultipliedAlpha","_animationName","node","_materials","_N$skeletonData"],-2,1,3,6],["cc.Label",["_string","_fontSize","_lineHeight","_isSystemFontUsed","_N$horizontalAlign","_N$verticalAlign","node","_materials"],-3,1,3],["cc.ProgressBar",["_N$mode","_N$progress","node","_N$barSprite"],1,1,1]],[[6,0,1,3],[7,0,1,2,3,4,5],[8,0,1,3],[0,0,1,6,2,5,3,3],[0,0,4,2,5,2],[0,0,4,2,3,2],[0,0,4,2,5,3,2],[0,0,4,6,3,2],[4,0,4,1,2,3,2],[4,0,5,1,2,3,2],[9,0,1,2,3,4,2],[10,0,1,2,2],[5,3,0,1,2,4,5],[5,0,1,2,4,4],[11,0,1,2,3,4,3],[3,1,0,2,3,4,3],[3,0,2,3,4,2],[3,1,0,2,3,3],[12,0,1,2,2],[13,0,1,2,3,4,3],[14,0,1,2,3],[15,0,1,2,3,4,5,6,7,6],[16,0,1,2,3,4,5,6,7,7],[17,0,1,2,3,3]],[[[[0,"UTM_Avo","UTM_Avo.ttf"],-1],0,0,[],[],[]],[[{"name":"img_load","rect":[0,0,427,12],"offset":[0,0],"originalSize":[427,12],"capInsets":[0,0,0,0]}],[2],0,[0],[1],[1]],[["0,9729,9729,33071,33071,0,0,1",-1],[1],0,[],[],[]],[[[1,"skeleton","\nskeleton.png\nsize: 2048,512\nformat: RGBA8888\nfilter: Linear,Linear\nrepeat: none\nline\n  rotate: true\n  xy: 296, 2\n  size: 110, 111\n  orig: 110, 111\n  offset: 0, 0\n  index: -1\nsan\n  rotate: false\n  xy: 2, 301\n  size: 505, 160\n  orig: 505, 160\n  offset: 0, 0\n  index: -1\nv1\n  rotate: false\n  xy: 2, 114\n  size: 427, 185\n  orig: 427, 185\n  offset: 0, 0\n  index: -1\nv2\n  rotate: false\n  xy: 509, 276\n  size: 427, 185\n  orig: 427, 185\n  offset: 0, 0\n  index: -1\nv3\n  rotate: false\n  xy: 938, 276\n  size: 427, 185\n  orig: 427, 185\n  offset: 0, 0\n  index: -1\nv4\n  rotate: false\n  xy: 1367, 276\n  size: 427, 185\n  orig: 427, 185\n  offset: 0, 0\n  index: -1\nv5\n  rotate: false\n  xy: 431, 89\n  size: 427, 185\n  orig: 427, 185\n  offset: 0, 0\n  index: -1\nvip\n  rotate: false\n  xy: 860, 89\n  size: 427, 185\n  orig: 427, 185\n  offset: 0, 0\n  index: -1\nvm\n  rotate: false\n  xy: 1796, 360\n  size: 145, 101\n  orig: 145, 101\n  offset: 0, 0\n  index: -1\nvm1\n  rotate: false\n  xy: 2, 11\n  size: 145, 101\n  orig: 145, 101\n  offset: 0, 0\n  index: -1\nvm2\n  rotate: false\n  xy: 1289, 173\n  size: 145, 101\n  orig: 145, 101\n  offset: 0, 0\n  index: -1\nvm3\n  rotate: false\n  xy: 149, 11\n  size: 145, 101\n  orig: 145, 101\n  offset: 0, 0\n  index: -1\nvm4\n  rotate: false\n  xy: 1436, 173\n  size: 145, 101\n  orig: 145, 101\n  offset: 0, 0\n  index: -1\nvm5\n  rotate: false\n  xy: 1583, 173\n  size: 145, 101\n  orig: 145, 101\n  offset: 0, 0\n  index: -1\n",["skeleton.png"],{"skeleton":{"hash":"SfsQo0Y9ZZaBtRJL8wN0M8NNz4k","spine":"3.7.94","width":533.4,"height":430.26,"images":"./image/","audio":""},"bones":[{"name":"root"},{"name":"vm","parent":"root","x":6.68,"y":73.16},{"name":"vm1","parent":"vm","x":-2.06,"y":39.08},{"name":"vip","parent":"root","x":13.8,"y":-162.4},{"name":"v1","parent":"vip"},{"name":"line","parent":"root","x":71.04,"y":119.28},{"name":"v2","parent":"vip"},{"name":"v3","parent":"vip"},{"name":"v4","parent":"vip"},{"name":"v5","parent":"vip"},{"name":"line2","parent":"root","x":208.53,"y":-119.44},{"name":"line3","parent":"root","x":-214.87,"y":61.82}],"slots":[{"name":"san","bone":"root","attachment":"san"},{"name":"vip","bone":"vip","attachment":"vip"},{"name":"v1","bone":"v1","attachment":"v1"},{"name":"v2","bone":"v2","attachment":"v2"},{"name":"v3","bone":"v3","attachment":"v3"},{"name":"v4","bone":"v4","attachment":"v4"},{"name":"v5","bone":"v5","attachment":"v5"},{"name":"vm","bone":"vm","attachment":"vm"},{"name":"vm1","bone":"vm1","attachment":"vm5"},{"name":"line","bone":"line","attachment":"line"},{"name":"line3","bone":"line3","attachment":"line"},{"name":"line2","bone":"line2","attachment":"line"}],"skins":{"default":{"line":{"line":{"x":0.7,"y":0.58,"width":110,"height":111}},"line2":{"line":{"x":0.7,"y":0.58,"width":110,"height":111}},"line3":{"line":{"x":0.7,"y":0.58,"width":110,"height":111}},"san":{"san":{"x":-0.81,"y":-11.77,"width":505,"height":160}},"v1":{"v1":{"width":427,"height":185}},"v2":{"v2":{"x":0.5,"y":0.5,"width":427,"height":185}},"v3":{"v3":{"x":0.5,"y":0.5,"width":427,"height":185}},"v4":{"v4":{"x":0.5,"y":0.5,"width":427,"height":185}},"v5":{"v5":{"x":0.5,"y":0.5,"width":427,"height":185}},"vip":{"vip":{"width":427,"height":185}},"vm":{"vm":{"x":-2.06,"y":39.08,"width":145,"height":101}},"vm1":{"vm1":{"width":145,"height":101},"vm2":{"x":0.5,"y":0.5,"width":145,"height":101},"vm3":{"x":0.5,"y":0.5,"width":145,"height":101},"vm4":{"x":0.5,"y":0.5,"width":145,"height":101},"vm5":{"x":0.5,"y":0.5,"width":145,"height":101}}}},"animations":{"animation":{"slots":{"line":{"color":[{"time":0,"color":"ffffff00","curve":"stepped"},{"time":0.6667,"color":"ffffff00","curve":[0.25,0,0.75,1]},{"time":1,"color":"ffffffff","curve":[0.25,0,0.75,1]},{"time":1.3333,"color":"ffffff00"}]},"line2":{"color":[{"time":0,"color":"ffffff00","curve":[0.25,0,0.75,1]},{"time":0.3333,"color":"ffffffff","curve":[0.25,0,0.75,1]},{"time":0.6667,"color":"ffffff00","curve":"stepped"},{"time":1,"color":"ffffff00","curve":[0.25,0,0.75,1]},{"time":1.3333,"color":"ffffffff","curve":[0.25,0,0.75,1]},{"time":1.6667,"color":"ffffff00"}]},"line3":{"color":[{"time":0,"color":"ffffff00","curve":"stepped"},{"time":0.3333,"color":"ffffff00","curve":[0.25,0,0.75,1]},{"time":0.6667,"color":"ffffffff","curve":[0.25,0,0.75,1]},{"time":1,"color":"ffffff00","curve":"stepped"},{"time":1.3333,"color":"ffffff00","curve":[0.25,0,0.75,1]},{"time":1.6667,"color":"ffffffff","curve":[0.25,0,0.75,1]},{"time":2,"color":"ffffff00"}]},"v1":{"color":[{"time":0,"color":"ffffff00"},{"time":0.3333,"color":"ffffffff"},{"time":1,"color":"ffffff00"}]},"v2":{"color":[{"time":0,"color":"ffffff00","curve":"stepped"},{"time":0.1667,"color":"ffffff00"},{"time":0.5,"color":"ffffffff"},{"time":1.1667,"color":"ffffff00"}]},"v3":{"color":[{"time":0,"color":"ffffff00","curve":"stepped"},{"time":0.3333,"color":"ffffff00"},{"time":0.6667,"color":"ffffffff"},{"time":1.3333,"color":"ffffff00"}]},"v4":{"color":[{"time":0,"color":"ffffff00","curve":"stepped"},{"time":0.5,"color":"ffffff00"},{"time":0.8333,"color":"ffffffff"},{"time":1.5,"color":"ffffff00"}]},"v5":{"color":[{"time":0,"color":"ffffff00","curve":"stepped"},{"time":0.6667,"color":"ffffff00"},{"time":1,"color":"ffffffff"},{"time":1.6667,"color":"ffffff00"}]},"vm1":{"attachment":[{"time":0,"name":"vm1"},{"time":0.0667,"name":"vm2"},{"time":0.1333,"name":"vm3"},{"time":0.2,"name":"vm4"},{"time":0.2667,"name":"vm5"},{"time":0.3333,"name":null}]}},"bones":{"line":{"rotate":[{"time":0.6667,"angle":0},{"time":1.3333,"angle":180}],"scale":[{"time":0.6667,"x":1,"y":1,"curve":[0.25,0,0.75,1]},{"time":1,"x":1.531,"y":1.531,"curve":[0.25,0,0.75,1]},{"time":1.3333,"x":1,"y":1}]},"line2":{"rotate":[{"time":0,"angle":0},{"time":0.6667,"angle":180},{"time":1,"angle":0},{"time":1.6667,"angle":180}],"translate":[{"time":0.6667,"x":0,"y":0},{"time":1,"x":-388.57,"y":34.89}],"scale":[{"time":0,"x":1,"y":1,"curve":[0.25,0,0.75,1]},{"time":0.3333,"x":1.531,"y":1.531,"curve":[0.25,0,0.75,1]},{"time":0.6667,"x":1,"y":1,"curve":"stepped"},{"time":1,"x":1,"y":1,"curve":[0.25,0,0.75,1]},{"time":1.3333,"x":1.531,"y":1.531,"curve":[0.25,0,0.75,1]},{"time":1.6667,"x":1,"y":1}]},"line3":{"rotate":[{"time":0.3333,"angle":0},{"time":1,"angle":180},{"time":1.3333,"angle":0},{"time":2,"angle":180}],"translate":[{"time":1,"x":0,"y":0},{"time":1.3333,"x":295.19,"y":-73.89}],"scale":[{"time":0.3333,"x":1,"y":1,"curve":[0.25,0,0.75,1]},{"time":0.6667,"x":1.531,"y":1.531,"curve":[0.25,0,0.75,1]},{"time":1,"x":1,"y":1,"curve":"stepped"},{"time":1.3333,"x":1,"y":1,"curve":[0.25,0,0.75,1]},{"time":1.6667,"x":1.531,"y":1.531,"curve":[0.25,0,0.75,1]},{"time":2,"x":1,"y":1}]},"vm":{"translate":[{"time":0,"x":0,"y":2.39,"curve":[0.382,0.57,0.735,1]},{"time":0.3333,"x":0,"y":0,"curve":[0.25,0,0.75,1]},{"time":1.3333,"x":0,"y":8.42,"curve":[0.243,0,0.649,0.6]},{"time":2,"x":0,"y":2.39}]}}}}},[0]]],0,0,[0],[-1],[2]],[["0,9729,9729,33071,33071,0,0,1",-1],[1],0,[],[],[]],[["1,9729,9729,33071,33071,0,0,1",-1],[1],0,[],[],[]],[["0,9729,9729,33071,33071,0,0,1",-1],[1],0,[],[],[]],[[{"name":"bg_load","rect":[0,0,429,14],"offset":[0,0],"originalSize":[429,14],"capInsets":[0,0,0,0]}],[2],0,[0],[1],[3]],[[[2,"MainGameScene",null],[3,"Canvas","4cu+spfcBM/pFx0wB7VPr4",[-6,-7,-8,-9],[[11,true,-1,[5,1280,720]],[12,2,45,1280,720,-2],[14,"M7fNnsg1yGvaDHJm",["https://gsconf.s3.ap-southeast-1.amazonaws.com/conf"],-5,-4,-3]],[5,1280,720],[640,360,0,0,0,0,1,1,1,1]],[8,"ProgressBar",[-12,-13],[[[15,1,2,-10,[6],7],-11],4,1],[5,429,14],[0,-117.473,0,0,0,0,1,1,1,1]],[4,"bg",1,[[16,0,-14,[0],1],[13,45,1280,720,-15]],[5,1280,720]],[9,"New Label",2,[[-16,[18,2,-17,[4,4278269800]]],1,4],[5,183.54,44.32],[0,-38.709,0,0,0,0,1,1,1,1]],[19,"New Node",false,[1],[0,0,0],[0,0,0,0,0,0,1,1,1,1]],[5,"Main Camera",1,[[20,7,-1,-18]],[0,0,367.19477120460203,0,0,0,1,1,1,1]],[6,"skeleton",1,[[21,"default","animation",0,false,"animation",-19,[2],3]],[5,533.4,430.26],[0,80,0,0,0,0,1,1,1,1]],[7,"nLoading",1,[2],[0,-82.808,0,0,0,0,1,1,1,1]],[10,"bar",2,[-20],[5,427,12],[0,0.4630000000000001,0,0,0,0,1,1,1,1]],[17,3,2,9,[4]],[22,"Kiểm tra dữ liệu",24,32,false,1,1,4,[5]],[23,2,0,2,10]],0,[0,0,1,0,0,1,0,4,12,0,5,11,0,0,1,0,-1,6,0,-2,3,0,-3,7,0,-4,8,0,0,2,0,-2,12,0,-1,9,0,-2,4,0,0,3,0,0,3,0,-1,11,0,0,4,0,0,6,0,0,7,0,-1,10,0,6,5,1,3,5,2,3,8,20],[0,0,0,0,0,0,0,0,10,11],[-1,2,-1,7,-1,-1,-1,2,2,8],[0,4,5,6,0,0,0,7,8,9]],[[{"name":"bg_loading","rect":[0,0,1280,720],"offset":[0,0],"originalSize":[1280,720],"capInsets":[0,0,0,0]}],[2],0,[0],[1],[10]]]]